ticker,question,gt_answer,gt_num,gt_src,chatbot,answer,answer_num,error,error_reason,prec_rating,conc_rating,insight_rating,category,difficulty,currency,answer_link,is_correct
000270:KS,What was Kia Corporation's total wholesale sales volume in thousand units for fiscal year 2023?,"Kia Corporation's total wholesale sales volume for fiscal year 2023 was 3,087 thousand units.",3087000,https://daloopa.com/src/86838733,chatgpt,"3,064 thousand units. (worldwide.kia.com)",3064000,3.0,"Predicted 3,064 vs 3,087 expected - off by 23,000 units",4,5,1,Operations,Easy,Units,https://chatgpt.com/share/e/68b6248d-9b8c-8013-9f40-308dc6072591,False
000270:KS,What was Kia Corporation's total wholesale sales volume in thousand units for fiscal year 2023?,"Kia Corporation's total wholesale sales volume for fiscal year 2023 was 3,087 thousand units.",3087000,https://daloopa.com/src/86838733,claude,"According to Kia Corporation's reported figures, their total wholesale sales volume for fiscal year 2023 was **3,087 thousand units** (approximately 3.09 million vehicles). This represented a strong performance for the company, with growth across multiple global markets including strong sales in North America, Europe, and their home market of South Korea.",3087000,,,5,3,4,Operations,Easy,Units,https://claude.ai/share/87f9d7ec-7773-4ce3-93ec-c0941d6d8511,True
000270:KS,What was Kia Corporation's total wholesale sales volume in thousand units for fiscal year 2023?,"Kia Corporation's total wholesale sales volume for fiscal year 2023 was 3,087 thousand units.",3087000,https://daloopa.com/src/86838733,claude_dlp,"I'll help you find Kia Corporation's total wholesale sales volume for fiscal year 2023. Let me search for this information in the financial database.Based on the data from Daloopa, **Kia Corporation's total wholesale sales volume for fiscal year 2023 was [3,087 thousand units](https://daloopa.com/src/86838733)**.

This represents approximately 3.09 million vehicles sold at the wholesale level globally during their 2023 fiscal year.

Data sourced from Daloopa",3087000,,,5,3,3,Operations,Easy,Units,https://claude.ai/share/83dffd68-8b4c-4b4e-8a59-6e07a708f3a4,True
000270:KS,What was Kia Corporation's total wholesale sales volume in thousand units for fiscal year 2023?,"Kia Corporation's total wholesale sales volume for fiscal year 2023 was 3,087 thousand units.",3087000,https://daloopa.com/src/86838733,grok,"**3,087**

